processid,sampleid,recordID,catalognum,fieldnum,institution_storing,bin_uri,phylum_taxID,phylum_name,class_taxID,class_name,order_taxID,order_name,family_taxID,family_name,subfamily_taxID,subfamily_name,genus_taxID,genus_name,species_taxID,species_name,subspecies_taxID,subspecies_name,identification_provided_by,voucher_type,tissue_type,collectors,collectiondate,lifestage,sex,reproduction,extrainfo,notes,lat,lon,coord_source,coord_accuracy,country,province,region,exactsite
ANGBF11509-15,KF899613,5652556,NBFGR:CHN:199,KF899613,"Mined from GenBank, NCBI",BOLD:AAA5611,18,Chordata,34196,Elasmobranchii,24796,Myliobatiformes,34232,Dasyatidae, , ,179845,Neotrygon,180402,Neotrygon kuhlii, , , , , , , , , , ,taxon:651721, , , , , ,India, , , 
ANGBF11510-15,KF899612,5652557,NBFGR:CHN:NK13,KF899612,"Mined from GenBank, NCBI",BOLD:AAA5611,18,Chordata,34196,Elasmobranchii,24796,Myliobatiformes,34232,Dasyatidae, , ,179845,Neotrygon,180402,Neotrygon kuhlii, , , , , , , , , , ,taxon:651721, , , , , ,India, , , 
ANGBF11511-15,KF899611,5652558,NBFGR:CHN:R165,KF899611,"Mined from GenBank, NCBI",BOLD:AAA5611,18,Chordata,34196,Elasmobranchii,24796,Myliobatiformes,34232,Dasyatidae, , ,179845,Neotrygon,180402,Neotrygon kuhlii, , , , , , , , , , ,taxon:651721, , , , , ,India, , , 
ANGBF11512-15,KF899610,5652559,NBFGR:CHN:R25,KF899610,"Mined from GenBank, NCBI",BOLD:AAA5611,18,Chordata,34196,Elasmobranchii,24796,Myliobatiformes,34232,Dasyatidae, , ,179845,Neotrygon,180402,Neotrygon kuhlii, , , , , , , , , , ,taxon:651721, , , , , ,India, , , 
ANGBF11513-15,KF899609,5652560,NBFGR:CHN:R24,KF899609,"Mined from GenBank, NCBI",BOLD:AAA5611,18,Chordata,34196,Elasmobranchii,24796,Myliobatiformes,34232,Dasyatidae, , ,179845,Neotrygon,180402,Neotrygon kuhlii, , , , , , , , , , ,taxon:651721, , , , , ,India, , , 
ANGBF12767-15,KM073023,6151242,NKUH1,KM073023,"Mined from GenBank, NCBI",BOLD:ABZ6130,18,Chordata,34196,Elasmobranchii,24796,Myliobatiformes,34232,Dasyatidae, , ,179845,Neotrygon,180402,Neotrygon kuhlii, , , , , ,"Kean Chong, Lim",10/4/12, , , ,taxon:651721, , , , , ,Malaysia,Selangor,Kuala Selangor, 
ANGBF12768-15,KM073024,6151243,NKUH2,KM073024,"Mined from GenBank, NCBI",BOLD:ABZ6131,18,Chordata,34196,Elasmobranchii,24796,Myliobatiformes,34232,Dasyatidae, , ,179845,Neotrygon,180402,Neotrygon kuhlii, , , , , ,"Kean Chong, Lim",3/8/13, , , ,taxon:651721, , , , , ,Malaysia, ,Sandakan, 
ANGBF12769-15,KM073025,6151244,NKUH3,KM073025,"Mined from GenBank, NCBI",BOLD:ABZ6131,18,Chordata,34196,Elasmobranchii,24796,Myliobatiformes,34232,Dasyatidae, , ,179845,Neotrygon,180402,Neotrygon kuhlii, , , , , ,"Kean Chong, Lim",3/13/13, , , ,taxon:651721, , , , , ,Malaysia, ,Sandakan, 
ANGBF2040-12,JN184065,2951371, ,JN184065,"Mined from GenBank, NCBI",BOLD:ABZ6131,18,Chordata,34196,Elasmobranchii,24796,Myliobatiformes,34232,Dasyatidae, , ,179845,Neotrygon,180402,Neotrygon kuhlii, , , , , , , , , , , ,Neotrygon kuhlii, , , , , , , , 
FOA208-04,BW-A208,29474, ,1,Biodiversity Institute of Ontario,BOLD:AAA5609,18,Chordata,34196,Elasmobranchii,24796,Myliobatiformes,34232,Dasyatidae, , ,179845,Neotrygon,180402,Neotrygon kuhlii, , ,Peter Last, , , ,3/8/95, , , ,FAO-71,||CSIRO unreg (specimen not retained),-12.4667,141.483, , ,Australia,Queensland,"Gulf of Carpentaria, West of Weipa", 
FOA209-04,BW-A209,29475, ,1,Biodiversity Institute of Ontario,BOLD:AAB8927,18,Chordata,34196,Elasmobranchii,24796,Myliobatiformes,34232,Dasyatidae, , ,179845,Neotrygon,203275,Neotrygon picta, , , , , , , , , , ,FAO-71, , , , , ,Australia,Queensland,North of Queensland, 
FOA210-04,BW-A210,29476, ,2,Biodiversity Institute of Ontario,BOLD:AAB8927,18,Chordata,34196,Elasmobranchii,24796,Myliobatiformes,34232,Dasyatidae, , ,179845,Neotrygon,203275,Neotrygon picta, , , , , , , , , , ,FAO-71, , , , , ,Australia,Queensland,North of Queensland, 
FOA211-04,BW-A211,29477, ,3,Biodiversity Institute of Ontario,BOLD:AAB8927,18,Chordata,34196,Elasmobranchii,24796,Myliobatiformes,34232,Dasyatidae, , ,179845,Neotrygon,203275,Neotrygon picta, , , , , , , , , , ,FAO-71, , , , , ,Australia,Queensland,North of Queensland, 
FOA212-04,BW-A212,29478, , ,Biodiversity Institute of Ontario,BOLD:AAB8927,18,Chordata,34196,Elasmobranchii,24796,Myliobatiformes,34232,Dasyatidae, , ,179845,Neotrygon,203275,Neotrygon picta, , , , , , , , , , ,FAO-71, , , , , ,Australia,Queensland,North of Queensland, 
FOA213-04,BW-A213,29479,CSIRO H  5771 -01,13,Biodiversity Institute of Ontario,BOLD:AAB8927,18,Chordata,34196,Elasmobranchii,24796,Myliobatiformes,34232,Dasyatidae, , ,179845,Neotrygon,203275,Neotrygon picta, , ,Peter Last, , ,Peter Kyne (Uni Qld),10/2/00, , , ,FAO-71, ,-23.25,151.25, , ,Australia,Queensland,East of Rockhampton, 
FOAD398-05,BW-1958,193828,CSIRO H 1458-06,GT63,Biodiversity Institute of Ontario,BOLD:AAC8580,18,Chordata,34196,Elasmobranchii,24796,Myliobatiformes,34232,Dasyatidae, , ,179845,Neotrygon,202051,Neotrygon leylandi, , ,Peter Last, , ,CSIRO,9/18/88, , , ,FAO-57,(large reticulate),-20.167,117.917, , ,Australia,Western Australia,North-West Shelf of Western Australia, 
FOAD399-05,BW-1959,193829,CSIRO H 1458-07,GT64,Biodiversity Institute of Ontario,BOLD:AAC8580,18,Chordata,34196,Elasmobranchii,24796,Myliobatiformes,34232,Dasyatidae, , ,179845,Neotrygon,202051,Neotrygon leylandi, , ,Peter Last, , ,CSIRO,9/18/88, , , ,FAO-57,(large reticulate),-20.167,117.917, , ,Australia,Western Australia,North-West Shelf of Western Australia, 
FOAD400-05,BW-1960,193830,CSIRO H 1458-08,GT65,Biodiversity Institute of Ontario,BOLD:AAC8580,18,Chordata,34196,Elasmobranchii,24796,Myliobatiformes,34232,Dasyatidae, , ,179845,Neotrygon,202051,Neotrygon leylandi, , ,Peter Last, , ,CSIRO,9/18/88, , , ,FAO-57,(mitotic),-20.167,117.917, , ,Australia,Western Australia,North-West Shelf of Western Australia, 
FOAE359-06,BW-A2571,295158, ,G1006,"CSIRO, Australian National Fish Collection",BOLD:AAA5611,18,Chordata,34196,Elasmobranchii,24796,Myliobatiformes,34232,Dasyatidae, , ,179845,Neotrygon,180402,Neotrygon kuhlii, , , , , ,Indo Oz project & William White,3/5/05, , , ,FAO-57,(var Bali),-8.75,115.167, , ,Indonesia,Bali,"Kedonganan, Jimbaran Bay",Kedonganan market
FOAE360-06,BW-A2572,295159, ,G749,"CSIRO, Australian National Fish Collection",BOLD:AAA5611,18,Chordata,34196,Elasmobranchii,24796,Myliobatiformes,34232,Dasyatidae, , ,179845,Neotrygon,180402,Neotrygon kuhlii, , ,William White, , ,Indo Oz project & William White,4/17/04, , , ,FAO-57,(var Bali),-8.75,115.167, , ,Indonesia,Bali,"Kedonganan, Jimbaran Bay",Kedonganan market
FOAE361-06,BW-A2573,295160, ,G750,"CSIRO, Australian National Fish Collection",BOLD:AAA5611,18,Chordata,34196,Elasmobranchii,24796,Myliobatiformes,34232,Dasyatidae, , ,179845,Neotrygon,180402,Neotrygon kuhlii, , , , , ,Indo Oz project & William White,4/17/04, , , ,FAO-57,(var Bali),-8.75,115.167, , ,Indonesia,Bali,"Kedonganan, Jimbaran Bay",Kedonganan market
FOAE362-06,BW-A2574,295161, ,G751,"CSIRO, Australian National Fish Collection",BOLD:AAA5611,18,Chordata,34196,Elasmobranchii,24796,Myliobatiformes,34232,Dasyatidae, , ,179845,Neotrygon,180402,Neotrygon kuhlii, , , , , ,Indo Oz project & William White,4/17/04, , , ,FAO-57,(var Bali),-8.75,115.167, , ,Indonesia,Bali,"Kedonganan, Jimbaran Bay",Kedonganan market
FOAE363-06,BW-A2575,295162, ,G764,"CSIRO, Australian National Fish Collection",BOLD:ABZ6131,18,Chordata,34196,Elasmobranchii,24796,Myliobatiformes,34232,Dasyatidae, , ,179845,Neotrygon,180402,Neotrygon kuhlii, , , , , ,Indo Oz project & William White,4/19/04, , , , ,(var Java), , , , ,Indonesia, ,Java,"Muara Angke market, Jakarta"
FOAE364-06,BW-A2576,295163, ,G765,"CSIRO, Australian National Fish Collection",BOLD:ABZ6131,18,Chordata,34196,Elasmobranchii,24796,Myliobatiformes,34232,Dasyatidae, , ,179845,Neotrygon,180402,Neotrygon kuhlii, , , , , ,Indo Oz project & William White,4/19/04, , , , ,(var Java), , , , ,Indonesia, ,Java,"Muara Angke market, Jakarta"
FOAE365-06,BW-A2577,295164, ,G766,"CSIRO, Australian National Fish Collection",BOLD:ABZ6131,18,Chordata,34196,Elasmobranchii,24796,Myliobatiformes,34232,Dasyatidae, , ,179845,Neotrygon,180402,Neotrygon kuhlii, , , , , ,Indo Oz project & William White,4/19/04, , , , ,(var Java), , , , ,Indonesia, ,Java,"Muara Angke market, Jakarta"
FOAE366-06,BW-A2578,295165, ,G767,"CSIRO, Australian National Fish Collection",BOLD:ABZ6131,18,Chordata,34196,Elasmobranchii,24796,Myliobatiformes,34232,Dasyatidae, , ,179845,Neotrygon,180402,Neotrygon kuhlii, , , , , ,Indo Oz project & William White,4/19/04, , , , ,(var Java), , , , ,Indonesia, ,Java,"Muara Angke market, Jakarta"
FOAE367-06,BW-A2579,295166, ,G768,"CSIRO, Australian National Fish Collection",BOLD:ABZ6131,18,Chordata,34196,Elasmobranchii,24796,Myliobatiformes,34232,Dasyatidae, , ,179845,Neotrygon,180402,Neotrygon kuhlii, , , , , ,Indo Oz project & William White,4/19/04, , , , ,(var Java), , , , ,Indonesia, ,Java,"Muara Angke market, Jakarta"
FOAE368-06,BW-A2580,295167, ,G578,"CSIRO, Australian National Fish Collection",BOLD:AAA5611,18,Chordata,34196,Elasmobranchii,24796,Myliobatiformes,34232,Dasyatidae, , ,179845,Neotrygon,180402,Neotrygon kuhlii, , ,William White, , ,Indo Oz project & William White,8/24/02, , , ,FAO-57,(var Bali),-8.75,115.167, , ,Indonesia,Bali,"Kedonganan, Jimbaran Bay",Kedonganan market
FOAE370-06,BW-A2582,295169, ,S1360,"CSIRO, Australian National Fish Collection",BOLD:AAA5611,18,Chordata,34196,Elasmobranchii,24796,Myliobatiformes,34232,Dasyatidae, , ,179845,Neotrygon,180402,Neotrygon kuhlii, , , , , ,Indo Oz project & William White,4/16/04, , , ,FAO-57,(var Bali),-8.75,115.167, , ,Indonesia,Bali,"Kedonganan, Jimbaran Bay",Kedonganan market
FOAE371-06,BW-A2583,295170, ,S1363,"CSIRO, Australian National Fish Collection",BOLD:AAA5611,18,Chordata,34196,Elasmobranchii,24796,Myliobatiformes,34232,Dasyatidae, , ,179845,Neotrygon,180402,Neotrygon kuhlii, , ,William White, , ,Indo Oz project & William White,4/16/04, , , ,FAO-57,(var Bali),-8.75,115.167, , ,Indonesia,Bali,"Kedonganan, Jimbaran Bay",Kedonganan market
FOAE372-06,BW-A2584,295171, ,C1,"CSIRO, Australian National Fish Collection",BOLD:ABZ6130,18,Chordata,34196,Elasmobranchii,24796,Myliobatiformes,34232,Dasyatidae, , ,179845,Neotrygon,180402,Neotrygon kuhlii, , , , , , ,5/25/05, , , ,FAO-61,(var Taiwan), , , , ,Taiwan,Penghu County,Penghu Islands, 
FOAE373-06,BW-A2585,295172, ,C2,"CSIRO, Australian National Fish Collection",BOLD:ABZ6130,18,Chordata,34196,Elasmobranchii,24796,Myliobatiformes,34232,Dasyatidae, , ,179845,Neotrygon,180402,Neotrygon kuhlii, , , , , , ,5/25/05, , , ,FAO-61,(var Taiwan), , , , ,Taiwan,Penghu County,Penghu Islands, 
FOAE374-06,BW-A2586,295173, ,B3,"CSIRO, Australian National Fish Collection",BOLD:ABZ6130,18,Chordata,34196,Elasmobranchii,24796,Myliobatiformes,34232,Dasyatidae, , ,179845,Neotrygon,180402,Neotrygon kuhlii, , , , , , ,5/30/05, , , ,FAO-61,(var Taiwan), , , , ,Taiwan,Penghu County,Penghu Islands, 
FOAE375-06,BW-A2587,295174, ,B4,"CSIRO, Australian National Fish Collection",BOLD:ABZ6130,18,Chordata,34196,Elasmobranchii,24796,Myliobatiformes,34232,Dasyatidae, , ,179845,Neotrygon,180402,Neotrygon kuhlii, , , , , , ,5/30/05, , , ,FAO-61,(var Taiwan), , , , ,Taiwan,Penghu County,Penghu Islands, 
FOAE431-06,BW-A2643,295230, ,G1163,"CSIRO, Australian National Fish Collection",BOLD:AAE1432,18,Chordata,34196,Elasmobranchii,24796,Myliobatiformes,34232,Dasyatidae, , ,179845,Neotrygon,202049,Neotrygon cf. annotata, , , , , ,Indo Oz project & William White,12/6/05, , , , , , , , , ,Indonesia, ,Java,"Muara Angke market, Jakarta"
FOAE432-06,BW-A2644,295231, ,G1164,"CSIRO, Australian National Fish Collection",BOLD:AAE1432,18,Chordata,34196,Elasmobranchii,24796,Myliobatiformes,34232,Dasyatidae, , ,179845,Neotrygon,202049,Neotrygon cf. annotata, , , , , ,Indo Oz project & William White,12/6/05, , , , , , , , , ,Indonesia, ,Java,"Muara Angke market, Jakarta"
FOAE433-06,BW-A2645,295232, ,G1165,"CSIRO, Australian National Fish Collection",BOLD:AAE1432,18,Chordata,34196,Elasmobranchii,24796,Myliobatiformes,34232,Dasyatidae, , ,179845,Neotrygon,202049,Neotrygon cf. annotata, , , , , ,Indo Oz project & William White,12/6/05, , , , , , , , , ,Indonesia, ,Java,"Muara Angke market, Jakarta"
FOAE434-06,BW-A2646,295233, ,G1166,"CSIRO, Australian National Fish Collection",BOLD:AAE1432,18,Chordata,34196,Elasmobranchii,24796,Myliobatiformes,34232,Dasyatidae, , ,179845,Neotrygon,202049,Neotrygon cf. annotata, , , , , ,Indo Oz project & William White,12/6/05, , , , , , , , , ,Indonesia, ,Java,"Muara Angke market, Jakarta"
FOAE435-06,BW-A2647,295234, ,G1167,"CSIRO, Australian National Fish Collection",BOLD:AAE1432,18,Chordata,34196,Elasmobranchii,24796,Myliobatiformes,34232,Dasyatidae, , ,179845,Neotrygon,202049,Neotrygon cf. annotata, , , , , ,Indo Oz project & William White,12/6/05, , , , , , , , , ,Indonesia, ,Java,"Muara Angke market, Jakarta"
FOAF045-07,BW-A2917,524752,CSIRO H 6659-04,W1174a,Biodiversity Institute of Ontario,BOLD:AAC8580,18,Chordata,34196,Elasmobranchii,24796,Myliobatiformes,34232,Dasyatidae, , ,179845,Neotrygon,202051,Neotrygon leylandi, , ,Peter Last, , ,Ashlee Jones,6/17/06, , , ,FAO-57, ,-21.917,114.333, , ,Australia,Western Australia, ,Exmouth
FOAF063-07,BW-A2935,524770,CSIRO H 6658-02,W1214,"CSIRO, Australian National Fish Collection",BOLD:AAC8580,18,Chordata,34196,Elasmobranchii,24796,Myliobatiformes,34232,Dasyatidae, , ,179845,Neotrygon,202051,Neotrygon leylandi, , ,William White, , ,Ashlee Jones,6/19/06, ,F, ,FAO-57,153 DW,-25.5,113.683, , ,Australia,Western Australia,Shark Bay, 
FOAF064-07,BW-A2936,524771,CSIRO H 6658-03,W1215,Biodiversity Institute of Ontario,BOLD:AAC8580,18,Chordata,34196,Elasmobranchii,24796,Myliobatiformes,34232,Dasyatidae, , ,179845,Neotrygon,202051,Neotrygon leylandi, , ,William White, , ,Ashlee Jones,6/19/06, ,F, ,FAO-57,164 DW,-25.5,113.683, , ,Australia,Western Australia,Shark Bay, 
FOAH738-08,BW-A5649,850195, ,DK24143,"CSIRO, Australian National Fish Collection",BOLD:AAA5609,18,Chordata,34196,Elasmobranchii,24796,Myliobatiformes,34232,Dasyatidae, , ,179845,Neotrygon,180402,Neotrygon kuhlii, , ,Ian Jacobsen, , ,D. Gledhill (CSIRO),9/25/04, , , ,FAO-71,CSIRO unreg,-10.843,142.87, , ,Australia,Queensland,Great Barrier Reef,"Off Turtle Head Island, Northern GBR"
FOAH739-08,BW-A5650,850196, ,DK4340,"CSIRO, Australian National Fish Collection",BOLD:AAA5609,18,Chordata,34196,Elasmobranchii,24796,Myliobatiformes,34232,Dasyatidae, , ,179845,Neotrygon,180402,Neotrygon kuhlii, , ,Ian Jacobsen, , ,D. Gledhill (CSIRO),1/17/04, , , ,FAO-71,CSIRO unreg,-10.723,141.722, , ,Australia,Queensland,Torres Strait,W of Thursday Island
FOAH742-08,BW-A5653,850199, ,DL24318,"CSIRO, Australian National Fish Collection",BOLD:AAB8927,18,Chordata,34196,Elasmobranchii,24796,Myliobatiformes,34232,Dasyatidae, , ,179845,Neotrygon,203275,Neotrygon picta, , ,Ian Jacobsen, , ,D. Gledhill (CSIRO),9/29/04, , , ,FAO-71,CSIRO unreg,-11.169,143.311, , ,Australia,Queensland,Great Barrier Reef,"E of Captain Billy Landing, Northern GBR"
FOAH748-08,BW-A5659,850205, ,DL4340A,"CSIRO, Australian National Fish Collection",BOLD:AAB8927,18,Chordata,34196,Elasmobranchii,24796,Myliobatiformes,34232,Dasyatidae, , ,179845,Neotrygon,203275,Neotrygon picta, , ,Ian Jacobsen, , ,D. Gledhill (CSIRO),1/17/04, , , ,FAO-71,CSIRO unreg,-10.723,141.722, , ,Australia,Queensland,Torres Strait,W of Thursday Island
FOAH750-08,BW-A5661,850207, ,DL4340C,"CSIRO, Australian National Fish Collection",BOLD:AAB8927,18,Chordata,34196,Elasmobranchii,24796,Myliobatiformes,34232,Dasyatidae, , ,179845,Neotrygon,203275,Neotrygon picta, , ,Ian Jacobsen, , ,D. Gledhill (CSIRO),1/17/04, , , ,FAO-71,CSIRO unreg,-10.723,141.722, , ,Australia,Queensland,Torres Strait,W of Thursday Island
FOAH820-08,BW-A5731,974052, ,IN00290,"CSIRO, Australian National Fish Collection",BOLD:AAA5611,18,Chordata,34196,Elasmobranchii,24796,Myliobatiformes,34232,Dasyatidae, , ,179845,Neotrygon,180402,Neotrygon kuhlii, , ,William White, , ,W White & M Puckridge,10/18/08, , , ,FAO-57,CSIRO unreg,-7.03333,110.783, , ,Indonesia,Jawa Barat,Central Java,Sadeng
FOAH826-08,BW-A5737,974058, ,IN00285,"CSIRO, Australian National Fish Collection",BOLD:AAA5611,18,Chordata,34196,Elasmobranchii,24796,Myliobatiformes,34232,Dasyatidae, , ,179845,Neotrygon,180402,Neotrygon kuhlii, , ,William White, , ,W White & M Puckridge,10/18/08, , , ,FAO-57,CSIRO unreg,-7.03333,110.783, , ,Indonesia,Jawa Barat,Central Java,Sadeng
FOAH827-08,BW-A5738,974059, ,IN00286,"CSIRO, Australian National Fish Collection",BOLD:AAA5611,18,Chordata,34196,Elasmobranchii,24796,Myliobatiformes,34232,Dasyatidae, , ,179845,Neotrygon,180402,Neotrygon kuhlii, , ,William White, , ,W White & M Puckridge,10/18/08, , , ,FAO-57,CSIRO unreg,-7.03333,110.783, , ,Indonesia,Jawa Barat,Central Java,Sadeng
FOAH828-08,BW-A5739,974060, ,IN00287,"CSIRO, Australian National Fish Collection",BOLD:AAA5611,18,Chordata,34196,Elasmobranchii,24796,Myliobatiformes,34232,Dasyatidae, , ,179845,Neotrygon,180402,Neotrygon kuhlii, , ,William White, , ,W White & M Puckridge,10/18/08, , , ,FAO-57,CSIRO unreg,-7.03333,110.783, , ,Indonesia,Jawa Barat,Central Java,Sadeng
FOAI053-08,BW-A5960,974281, ,IN00524,"CSIRO, Australian National Fish Collection",BOLD:AAA5609,18,Chordata,34196,Elasmobranchii,24796,Myliobatiformes,34232,Dasyatidae, , ,179845,Neotrygon,180402,Neotrygon kuhlii, , ,Melody Puckridge, , ,W White & M Puckridge,10/25/08, , , ,FAO-57,CSIRO unreg,-8.8,116.483, , ,Indonesia,Nusa Tenggara Barat,Lombok,Tanjung Luar
FOAI054-08,BW-A5961,974282, ,IN00525,"CSIRO, Australian National Fish Collection",BOLD:AAA5609,18,Chordata,34196,Elasmobranchii,24796,Myliobatiformes,34232,Dasyatidae, , ,179845,Neotrygon,180402,Neotrygon kuhlii, , ,Melody Puckridge, , ,W White & M Puckridge,10/25/08, , , ,FAO-57,CSIRO unreg,-8.8,116.483, , ,Indonesia,Nusa Tenggara Barat,Lombok,Tanjung Luar
FOAI327-09,BW-A6234,1110351,CSIRO H 6827-01,GT3746,"CSIRO, Australian National Fish Collection",BOLD:ACB3815,18,Chordata,34196,Elasmobranchii,24796,Myliobatiformes,34232,Dasyatidae, , ,179845,Neotrygon,343007,Neotrygon ningalooensis, , ,Peter Last, , ,P Last,12/10/08, , , ,FAO-57,::taxonomy:original ID Neotrygon sp. (Coral Bay)::endTaxonomy:,-23.1667,113.75, , ,Australia,Western Australia, ,"Five Fingers Reef, Coral Bay"
FOAI328-09,BW-A6235,1110352,CSIRO H 6828-01,GT3747,"CSIRO, Australian National Fish Collection",BOLD:AAC8580,18,Chordata,34196,Elasmobranchii,24796,Myliobatiformes,34232,Dasyatidae, , ,179845,Neotrygon,202051,Neotrygon leylandi, , ,Peter Last, , ,M Sugden,12/10/08, , , ,FAO-57, ,-23.1667,113.75, , ,Australia,Western Australia, ,"Five Fingers Reef, Coral Bay"
FOAI942-10,BW-A6849,1550930,CSIRO H 7018-01,GT 5210,"CSIRO, Australian National Fish Collection",BOLD:AAA5609,18,Chordata,34196,Elasmobranchii,24796,Myliobatiformes,34232,Dasyatidae, , ,179845,Neotrygon,180402,Neotrygon kuhlii, , ,John Pogonoski, , ,G Fry (CSIRO),2/23/09, , , ,FAO-71, ,-16.3027,138.635, , ,Australia,Queensland, ,"NW of Mornington Island, Gulf of Carpentaria"
FOAI943-10,BW-A6850,1550931,CSIRO H 7016-01,GT 5204,"CSIRO, Australian National Fish Collection",BOLD:AAA5609,18,Chordata,34196,Elasmobranchii,24796,Myliobatiformes,34232,Dasyatidae, , ,179845,Neotrygon,180402,Neotrygon kuhlii, , ,John Pogonoski, , ,G Fry (CSIRO),2/20/09, , , ,FAO-71, ,-12.9282,141.214, , ,Australia,Queensland,Gulf of Carpentaria,Gulf of Carpentaria
FOAN436-11,BW-A11229,1947157,unreg,Temp # 1,"CSIRO, Australian National Fish Collection",BOLD:AAE1432,18,Chordata,34196,Elasmobranchii,24796,Myliobatiformes,34232,Dasyatidae, , ,179845,Neotrygon,179846,Neotrygon annotata, , ,Gary Fry, , ,G Fry (CSIRO),1/1/11, , , ,FAO-FAO-71, , , , , ,Australia,Queensland,Gulf of Carpentaria,Gulf of Carpentaria
FOAN437-11,BW-A11230,1947158,unreg,Temp # 2,"CSIRO, Australian National Fish Collection",BOLD:AAE1432,18,Chordata,34196,Elasmobranchii,24796,Myliobatiformes,34232,Dasyatidae, , ,179845,Neotrygon,179846,Neotrygon annotata, , ,Gary Fry, , ,G Fry (CSIRO),1/1/11, , , ,FAO-71, , , , , ,Australia,Queensland,Gulf of Carpentaria,Gulf of Carpentaria
FOAN438-11,BW-A11231,1947159,unreg,Temp # 3,"CSIRO, Australian National Fish Collection",BOLD:AAE1432,18,Chordata,34196,Elasmobranchii,24796,Myliobatiformes,34232,Dasyatidae, , ,179845,Neotrygon,179846,Neotrygon annotata, , ,Gary Fry, , ,G Fry (CSIRO),1/1/11, , , ,FAO-71, , , , , ,Australia,Queensland,Gulf of Carpentaria,Gulf of Carpentaria
GBGC10609-13,AB485685,3563317,NSMT:P-91858, ,"Mined from GenBank, NCBI",BOLD:ACH3785,18,Chordata,34196,Elasmobranchii,24796,Myliobatiformes,34232,Dasyatidae, , ,179845,Neotrygon,180402,Neotrygon kuhlii, , , , , , ,11/17/04, , , , , , , , , ,Japan,Okinawa,"Okinawa,Ishigaki I.", 
GBGC10627-13,HM467799,3573339,NBFGR:CHN 156, ,"Mined from GenBank, NCBI",BOLD:AAA5611,18,Chordata,34196,Elasmobranchii,24796,Myliobatiformes,34232,Dasyatidae, , ,179845,Neotrygon,180402,Neotrygon kuhlii, , , , , , , , , , , , , , , , ,India, , , 
GBGC11459-13,JX978329,3620297,CIFE:VIZ-DK1, ,"Mined from GenBank, NCBI",BOLD:ACB9305,18,Chordata,34196,Elasmobranchii,24796,Myliobatiformes,34232,Dasyatidae, , ,179845,Neotrygon,180402,Neotrygon kuhlii, , , , , ,Annam Pavan Kumar,7/16/10, , , , , ,17.42,83.23, , ,India, , , 
GBGC11469-13,KC249906,3620523,KC249906,KC249906,"Mined from GenBank, NCBI",BOLD:AAA5611,18,Chordata,34196,Elasmobranchii,24796,Myliobatiformes,34232,Dasyatidae, , ,179845,Neotrygon,180402,Neotrygon kuhlii, , , , , , , , , , , , , , , , , , , , 
GBGC11470-13,KC249905,3620524,KC249905,KC249905,"Mined from GenBank, NCBI",BOLD:ABZ6131,18,Chordata,34196,Elasmobranchii,24796,Myliobatiformes,34232,Dasyatidae, , ,179845,Neotrygon,180402,Neotrygon kuhlii, , , , , , , , , , , , , , , , , , , , 
GBGC11471-13,KC249904,3620525,KC249904,KC249904,"Mined from GenBank, NCBI",BOLD:ABZ6131,18,Chordata,34196,Elasmobranchii,24796,Myliobatiformes,34232,Dasyatidae, , ,179845,Neotrygon,180402,Neotrygon kuhlii, , , , , , , , , , , , , , , , , , , , 
GBGC11472-13,KC249903,3620526,KC249903,KC249903,"Mined from GenBank, NCBI",BOLD:ABZ6131,18,Chordata,34196,Elasmobranchii,24796,Myliobatiformes,34232,Dasyatidae, , ,179845,Neotrygon,180402,Neotrygon kuhlii, , , , , , , , , , , , , , , , , , , , 
GBGC11473-13,KC249902,3620527,KC249902,KC249902,"Mined from GenBank, NCBI",BOLD:ABZ6130,18,Chordata,34196,Elasmobranchii,24796,Myliobatiformes,34232,Dasyatidae, , ,179845,Neotrygon,180402,Neotrygon kuhlii, , , , , , , , , , , , , , , , , , , , 
GBGC11848-13,JQ681494,3642353,JQ681494,JQ681494,"Mined from GenBank, NCBI",BOLD:ABZ6130,18,Chordata,34196,Elasmobranchii,24796,Myliobatiformes,34232,Dasyatidae, , ,179845,Neotrygon,180402,Neotrygon kuhlii, , , , , , , , , , , , , , , , , , , , 
GBGC11877-13,JQ765562,3642833,FCP-NKVN75, ,"Mined from GenBank, NCBI",BOLD:ABZ6130,18,Chordata,34196,Elasmobranchii,24796,Myliobatiformes,34232,Dasyatidae, , ,179845,Neotrygon,180402,Neotrygon kuhlii, , , , , ,C. Austin,9/2/10, , , , , ,20.76,106.87, , ,Vietnam, , , 
GBGC11878-13,JQ765561,3642834,FCP-NKVN74, ,"Mined from GenBank, NCBI",BOLD:ABZ6130,18,Chordata,34196,Elasmobranchii,24796,Myliobatiformes,34232,Dasyatidae, , ,179845,Neotrygon,180402,Neotrygon kuhlii, , , , , ,C. Austin,9/2/10, , , , , ,20.76,106.87, , ,Vietnam, , , 
GBGC11899-13,JQ765540,3642855,FCP-NNNR46, ,"Mined from GenBank, NCBI",BOLD:ACB3815,18,Chordata,34196,Elasmobranchii,24796,Myliobatiformes,34232,Dasyatidae, , ,179845,Neotrygon,343007,Neotrygon ningalooensis, , , , , ,F. Cerutti-P,12/9/08, , , , , ,-23.19,113.76, , ,Australia, , , 
GBGC11900-13,JQ765539,3642856,FCP-NNNR45, ,"Mined from GenBank, NCBI",BOLD:ACB3815,18,Chordata,34196,Elasmobranchii,24796,Myliobatiformes,34232,Dasyatidae, , ,179845,Neotrygon,343007,Neotrygon ningalooensis, , , , , ,F. Cerutti-P,12/9/08, , , , , ,-23.19,113.76, , ,Australia, , , 
GBGC11901-13,JQ765538,3642857,FCP-NLNR44, ,"Mined from GenBank, NCBI",BOLD:AAC8580,18,Chordata,34196,Elasmobranchii,24796,Myliobatiformes,34232,Dasyatidae, , ,179845,Neotrygon,202051,Neotrygon leylandi, , , , , ,F. Cerutti-P,12/11/08, , , , , ,-23.19,113.76, , ,Australia, , , 
GBGC11902-13,JQ765537,3642858,FCP-NKNR43, ,"Mined from GenBank, NCBI",BOLD:AAA5609,18,Chordata,34196,Elasmobranchii,24796,Myliobatiformes,34232,Dasyatidae, , ,179845,Neotrygon,180402,Neotrygon kuhlii, , , , , ,O. O`Shea,9/5/10, , , , , ,-21.92,113.89, , ,Australia, , , 
GBGC11903-13,JQ765536,3642859,FCP-NKNR42, ,"Mined from GenBank, NCBI",BOLD:AAA5609,18,Chordata,34196,Elasmobranchii,24796,Myliobatiformes,34232,Dasyatidae, , ,179845,Neotrygon,180402,Neotrygon kuhlii, , , , , ,O. O`Shea,8/23/10, , , , , ,-22.58,113.65, , ,Australia, , , 
GBGC11904-13,JQ765535,3642860,FCP-NKNR41, ,"Mined from GenBank, NCBI",BOLD:AAA5615,18,Chordata,34196,Elasmobranchii,24796,Myliobatiformes,34232,Dasyatidae, , ,179845,Neotrygon,180402,Neotrygon kuhlii, , , , , ,M. Meekan,12/30/08, , , , , ,-14.69,145.45, , ,Australia, , , 
GBGC11905-13,JQ765534,3642861,FCP-NKGBR40, ,"Mined from GenBank, NCBI",BOLD:AAA5615,18,Chordata,34196,Elasmobranchii,24796,Myliobatiformes,34232,Dasyatidae, , ,179845,Neotrygon,180402,Neotrygon kuhlii, , , , , ,M. Meekan,12/30/08, , , , , ,-14.69,145.45, , ,Australia, , , 
GBGC11906-13,JQ765533,3642862,FCP-NKGBR39, ,"Mined from GenBank, NCBI",BOLD:AAA5615,18,Chordata,34196,Elasmobranchii,24796,Myliobatiformes,34232,Dasyatidae, , ,179845,Neotrygon,180402,Neotrygon kuhlii, , , , , ,M. Meekan,12/25/08, , , , , ,-14.69,145.45, , ,Australia, , , 
GBGC12789-13,KC295416,3661702,KC295416,KC295416,"Mined from GenBank, NCBI",BOLD:AAA5611,18,Chordata,34196,Elasmobranchii,24796,Myliobatiformes,34232,Dasyatidae, , ,179845,Neotrygon,180402,Neotrygon kuhlii, , , , , ,J.-D. Durand,5/27/10, , , , , , , , , ,Tanzania,Zanzibar,Zanzibar, 
GBGC12835-13,JX263422,3666878,JX263422,JX263422,"Mined from GenBank, NCBI",BOLD:ABZ6130,18,Chordata,34196,Elasmobranchii,24796,Myliobatiformes,34232,Dasyatidae, , ,179845,Neotrygon,180402,Neotrygon kuhlii, , , , , , , , , , , , , , , , ,Taiwan, , , 
GBGC12836-13,JX263421,3666879,JX263421,JX263421,"Mined from GenBank, NCBI",BOLD:AAA5611,18,Chordata,34196,Elasmobranchii,24796,Myliobatiformes,34232,Dasyatidae, , ,179845,Neotrygon,180402,Neotrygon kuhlii, , , , , , , , , , , , , , , , ,Tanzania,Zanzibar,Zanzibar, 
GBGC12837-13,JX263420,3666880,MNHN:2009-0823, ,"Mined from GenBank, NCBI",BOLD:AAA5615,18,Chordata,34196,Elasmobranchii,24796,Myliobatiformes,34232,Dasyatidae, , ,179845,Neotrygon,592538,Neotrygon trigonoides, , , , , , , , , , , , , , , , ,New Caledonia, , , 
INELA012-12,VIZ-N1,2916784,VIZNK-01,VIZ-N1,Central Institute of Fisheries Education,BOLD:ACB9305,18,Chordata,34196,Elasmobranchii,24796,Myliobatiformes,34232,Dasyatidae, , ,179845,Neotrygon,180402,Neotrygon kuhlii, , ,Pavan Kumar, , ,"Pavan-kumar, A.,Gireesh-Babu,P. Raje,S.G., Chakraborty,S.K., Krishna,G., Chaudhari,A. and Lakra,W.S.",8/15/11, , ,S, , ,17.6833,83.2833, , ,India,Andhra Pradesh,VISAKAPATNAM,VIZAG PORT